phenotype,t_stat,p_value
Phenotype_A,107.97774660648092,0.0
Phenotype_B,-268.94267823611466,0.0
Phenotype_C,-99.7268514512947,0.0
Phenotype_D,165.7625240586832,0.0
Phenotype_E,387.96514280390346,0.0
